{
  "Twitter 90%|Twitter 10%": {
    "Spacy": {
      "scores": [
        0.6395,
        0.6595,
        0.654,
        0.6495,
        0.6465,
        0.6425
      ],
      "best": 0.6595
    },
    "LSTM": {
      "scores": [
        50.0,
        54.714285714285715,
        57.04761904761905,
        58.36507936507937,
        57.0,
        57.44444444444444,
        57.857142857142854,
        57.63492063492063,
        59.20634920634921,
        57.904761904761905,
        59.476190476190474,
        59.57142857142857,
        59.20634920634921,
        58.682539682539684,
        59.17460317460318,
        60.42857142857143,
        60.12698412698413,
        58.77777777777778,
        59.25396825396825,
        60.25396825396825,
        59.92063492063492,
        60.15873015873016
      ],
      "best": 60.42857142857143
    },
    "SelfAttention": {
      "scores": [
        57.857142857142854,
        59.01587301587302,
        58.57142857142857,
        59.73015873015873,
        59.492063492063494,
        59.36507936507937,
        58.17460317460318,
        58.682539682539684,
        59.06349206349206,
        59.301587301587304
      ],
      "best": 59.73015873015873
    },
    "CNN": {
      "scores": [
        50.317460317460316,
        56.17460317460318,
        59.476190476190474,
        59.01587301587302,
        59.73015873015873,
        59.79365079365079,
        59.55555555555556,
        59.888888888888886,
        60.111111111111114,
        60.492063492063494,
        60.01587301587302,
        59.87301587301587,
        59.698412698412696,
        60.20634920634921,
        61.476190476190474,
        60.76190476190476,
        61.20634920634921,
        59.20634920634921,
        59.76190476190476,
        59.41269841269841,
        60.34920634920635
      ],
      "best": 61.476190476190474
    },
    "RNN": {
      "scores": [
        53.44444444444444,
        52.142857142857146,
        58.23809523809524,
        58.476190476190474,
        57.44444444444444,
        56.95238095238095,
        57.857142857142854,
        57.46031746031746,
        57.06349206349206,
        57.73015873015873
      ],
      "best": 58.476190476190474
    },
    "RCNN": {
      "scores": [
        58.22222222222222,
        61.42857142857143,
        60.57142857142857,
        59.666666666666664,
        62.682539682539684,
        61.095238095238095,
        61.17460317460318,
        60.36507936507937,
        60.507936507936506,
        59.61904761904762,
        60.65079365079365
      ],
      "best": 62.682539682539684
    },
    "LSTMAttention": {
      "scores": [
        57.34920634920635,
        60.53968253968254,
        62.07936507936508,
        60.58730158730159,
        60.698412698412696,
        61.26984126984127,
        61.111111111111114,
        60.285714285714285,
        60.6031746031746
      ],
      "best": 62.07936507936508
    }
  },
  "All 90%|All 10%": {
    "Spacy": {
      "scores": [
        0.6231210713309647,
        0.6427985788466795,
        0.639792292976223,
        0.6386990981142389,
        0.632139928942334,
        0.6291336430718776
      ],
      "best": 0.6427985788466795
    },
    "LSTM": {
      "scores": [
        50.78260869565217,
        50.756521739130434,
        52.61739130434783,
        56.66086956521739,
        57.86086956521739,
        57.99130434782609,
        58.77391304347826,
        58.721739130434784,
        58.869565217391305,
        58.06086956521739,
        59.61739130434783,
        57.97391304347826,
        59.3304347826087,
        58.99130434782609,
        59.130434782608695
      ],
      "best": 59.61739130434783
    },
    "SelfAttention": {
      "scores": [
        55.71304347826087,
        59.52173913043478,
        61.51304347826087,
        61.2695652173913,
        61.2695652173913,
        60.243478260869566,
        60.68695652173913
      ],
      "best": 61.51304347826087
    },
    "RNN": {
      "scores": [
        50.61739130434783,
        50.63478260869565,
        48.95652173913044,
        52.37391304347826,
        54.469565217391306,
        54.52173913043478,
        57.10434782608696,
        57.791304347826085,
        57.03478260869565,
        58.59130434782609,
        58.608695652173914,
        58.28695652173913,
        57.77391304347826,
        57.52173913043478,
        57.85217391304348,
        57.130434782608695,
        57.02608695652174
      ],
      "best": 58.608695652173914
    },
    "CNN": {
      "scores": [
        54.095652173913045,
        55.74782608695652,
        56.07826086956522,
        54.80869565217391,
        56.756521739130434,
        56.62608695652174,
        56.573913043478264,
        56.97391304347826,
        57.30434782608695,
        57.643478260869564,
        57.52173913043478,
        57.095652173913045,
        57.91304347826087,
        57.52173913043478,
        58.10434782608696,
        57.904347826086955,
        56.96521739130435,
        57.756521739130434,
        57.61739130434783,
        57.608695652173914,
        57.469565217391306
      ],
      "best": 58.10434782608696
    },
    "RCNN": {
      "scores": [
        58.6695652173913,
        59.76521739130435,
        61.54782608695652,
        57.904347826086955,
        59.208695652173915,
        61.504347826086956,
        60.19130434782609,
        60.426086956521736,
        60.77391304347826
      ],
      "best": 61.54782608695652
    },
    "LSTMAttention": {
      "scores": [
        55.504347826086956,
        59.06086956521739,
        60.63478260869565,
        60.834782608695654,
        60.6695652173913,
        60.33913043478261,
        60.52173913043478,
        59.834782608695654,
        59.22608695652174,
        59.26086956521739
      ],
      "best": 60.834782608695654
    }
  },
  "YouTube 90%|YouTube 10%": {
    "Spacy": {
      "scores": [
        0.6196610169491525,
        0.6216949152542373,
        0.6203389830508474,
        0.616271186440678,
        0.6101694915254238,
        0.6061016949152542
      ],
      "best": 0.6216949152542373
    },
    "LSTM": {
      "scores": [
        46.255319148936174,
        46.51063829787234,
        46.38297872340426,
        51.0,
        54.808510638297875,
        56.212765957446805,
        56.97872340425532,
        58.42553191489362,
        56.57446808510638,
        57.46808510638298,
        57.61702127659574,
        56.91489361702128,
        57.42553191489362,
        57.702127659574465
      ],
      "best": 58.42553191489362
    },
    "SelfAttention": {
      "scores": [
        54.38297872340426,
        56.680851063829785,
        57.319148936170215,
        56.93617021276596,
        57.319148936170215,
        57.4468085106383,
        57.59574468085106,
        59.319148936170215,
        56.851063829787236,
        56.297872340425535,
        56.680851063829785,
        57.53191489361702,
        58.212765957446805,
        56.53191489361702
      ],
      "best": 59.319148936170215
    },
    "CNN": {
      "scores": [
        54.51063829787234,
        54.40425531914894,
        55.765957446808514,
        54.51063829787234,
        55.212765957446805,
        55.829787234042556,
        57.680851063829785,
        56.702127659574465,
        58.5531914893617,
        57.808510638297875,
        58.06382978723404,
        59.234042553191486,
        58.48936170212766,
        58.829787234042556,
        58.42553191489362,
        58.851063829787236,
        57.744680851063826,
        58.702127659574465
      ],
      "best": 59.234042553191486
    },