{
  "Twitter 90%|Twitter 10%": {
    "Spacy": {
      "scores": [
        0.6395,
        0.6595,
        0.654,
        0.6495,
        0.6465,
        0.6425
      ],
      "best": 0.6595
    },
    "LSTM": {
      "scores": [
        50.0,
        54.714285714285715,
        57.04761904761905,
        58.36507936507937,
        57.0,
        57.44444444444444,
        57.857142857142854,
        57.63492063492063,
        59.20634920634921,
        57.904761904761905,
        59.476190476190474,
        59.57142857142857,
        59.20634920634921,
        58.682539682539684,
        59.17460317460318,
        60.42857142857143,
        60.12698412698413,
        58.77777777777778,
        59.25396825396825,
        60.25396825396825,
        59.92063492063492,
        60.15873015873016
      ],
      "best": 60.42857142857143
    },
    "SelfAttention": {
      "scores": [
        57.857142857142854,
        59.01587301587302,
        58.57142857142857,
        59.73015873015873,
        59.492063492063494,
        59.36507936507937,
        58.17460317460318,
        58.682539682539684,
        59.06349206349206,
        59.301587301587304
      ],
      "best": 59.73015873015873
    }
  },
  "All 90%|All 10%": {
    "Spacy": {
      "scores": [
        0.6231210713309647,
        0.6427985788466795,
        0.639792292976223,
        0.6386990981142389,
        0.632139928942334,
        0.6291336430718776
      ],
      "best": 0.6427985788466795
    },
    "LSTM": {
      "scores": [
        50.78260869565217,
        50.756521739130434,
        52.61739130434783,
        56.66086956521739,
        57.86086956521739,
        57.99130434782609,
        58.77391304347826,
        58.721739130434784,
        58.869565217391305,
        58.06086956521739,
        59.61739130434783,
        57.97391304347826,
        59.3304347826087,
        58.99130434782609,
        59.130434782608695
      ],
      "best": 59.61739130434783
    },
    "SelfAttention": {
      "scores": [
        55.71304347826087,
        59.52173913043478,
        61.51304347826087,
        61.2695652173913,
        61.2695652173913,
        60.243478260869566,
        60.68695652173913
      ],
      "best": 61.51304347826087
    }
  },
  "YouTube 90%|YouTube 10%": {
    "Spacy": {
      "scores": [
        0.6196610169491525,
        0.6216949152542373,
        0.6203389830508474,
        0.616271186440678,
        0.6101694915254238,
        0.6061016949152542
      ],
      "best": 0.6216949152542373
    },
    "LSTM": {
      "scores": [
        46.255319148936174,
        46.51063829787234,
        46.38297872340426,
        51.0,
        54.808510638297875,
        56.212765957446805,
        56.97872340425532,
        58.42553191489362,
        56.57446808510638,
        57.46808510638298,
        57.61702127659574,
        56.91489361702128,
        57.42553191489362,
        57.702127659574465
      ],
      "best": 58.42553191489362
    },
    "SelfAttention": {
      "scores": [
        54.38297872340426,
        56.680851063829785,
        57.319148936170215,
        56.93617021276596,
        57.319148936170215,
        57.4468085106383,
        57.59574468085106,
        59.319148936170215,
        56.851063829787236,
        56.297872340425535,
        56.680851063829785,
        57.53191489361702,
        58.212765957446805,
        56.53191489361702
      ],
      "best": 59.319148936170215
    }
  },
  "News 90%|News 10%": {
    "Spacy": {
      "scores": [
        0.6086956521739131,
        0.6521739130434783,
        0.6413043478260869,
        0.6684782608695652,
        0.6467391304347826,
        0.6358695652173914,
        0.6304347826086957,
        0.6304347826086957
      ],
      "best": 0.6684782608695652
    },
    "LSTM": {
      "scores": [
        40.333333333333336,
        47.0,
        43.833333333333336,
        39.166666666666664,
        39.333333333333336,
        37.166666666666664,
        38.666666666666664,
        41.333333333333336
      ],
      "best": 47.0
    },
    "SelfAttention": {
      "scores": [
        47.5,
        52.666666666666664,
        46.0,
        47.5,
        47.666666666666664,
        51.166666666666664,
        51.166666666666664,
        47.5
      ],
      "best": 52.666666666666664
    }
  },
  "Twitter, News|YouTube": {
    "Spacy": {
      "scores": [
        0.5189907759088442,
        0.5310634834508953,
        0.5272653282691264,
        0.5283505154639175,
        0.5286896364622897,
        0.5321486706456864,
        0.5332338578404775,
        0.5340477482365709,
        0.5355398806294086,
        0.528893109061313,
        0.5258410200759631,
        0.5275366250678242,
        0.5261123168746609
      ],
      "best": 0.5355398806294086
    }
  },
  "Twitter, YouTube|News": {
    "Spacy": {
      "scores": [
        0.5169213973799127,
        0.5240174672489083,
        0.5283842794759825,
        0.5278384279475983,
        0.5245633187772926,
        0.5256550218340611,
        0.5218340611353712
      ],
      "best": 0.5283842794759825
    }
  },
  "YouTube, News|Twitter": {
    "Spacy": {
      "scores": [
        0.5484,
        0.55315,
        0.5425,
        0.53465,
        0.53305,
        0.52785
      ],
      "best": 0.55315
    }
  }
}