{
  "Twitter 90%|Twitter 10%": {
    "Spacy": {
      "scores": [
        0.6395,
        0.6595,
        0.654,
        0.6495,
        0.6465,
        0.6425
      ],
      "best": 0.6595
    }
  },
  "All 90%|All 10%": {
    "Spacy": {
      "scores": [
        0.6231210713309647,
        0.6427985788466795,
        0.639792292976223,
        0.6386990981142389,
        0.632139928942334,
        0.6291336430718776
      ],
      "best": 0.6427985788466795
    }
  },
  "YouTube 90%|YouTube 10%": {
    "Spacy": {
      "scores": [
        0.6196610169491525,
        0.6216949152542373,
        0.6203389830508474,
        0.616271186440678,
        0.6101694915254238,
        0.6061016949152542
      ],
      "best": 0.6216949152542373
    }
  },
  "News 90%|News 10%": {
    "Spacy": {
      "scores": [
        0.6086956521739131,
        0.6521739130434783,
        0.6413043478260869,
        0.6684782608695652,
        0.6467391304347826,
        0.6358695652173914,
        0.6304347826086957,
        0.6304347826086957
      ],
      "best": 0.6684782608695652
    }
  },
  "Twitter, News|YouTube": {
    "Spacy": {
      "scores": [
        0.5189907759088442,
        0.5310634834508953,
        0.5272653282691264,
        0.5283505154639175,
        0.5286896364622897,
        0.5321486706456864,
        0.5332338578404775,
        0.5340477482365709,
        0.5355398806294086,
        0.528893109061313,
        0.5258410200759631,
        0.5275366250678242,
        0.5261123168746609
      ],
      "best": 0.5355398806294086
    }
  },
  "Twitter, YouTube|News": {
    "Spacy": {
      "scores": [
        0.5169213973799127,
        0.5240174672489083,
        0.5283842794759825,
        0.5278384279475983,
        0.5245633187772926,
        0.5256550218340611,
        0.5218340611353712
      ],
      "best": 0.5283842794759825
    }
  },
  "YouTube, News|Twitter": {
    "Spacy": {
      "scores": [
        0.5484,
        0.55315,
        0.5425,
        0.53465,
        0.53305,
        0.52785
      ],
      "best": 0.55315
    }
  }
}